review_text,rating,word_count,is_fake,is_duplicate,emojis,sentiment
Nice product for family of 4,4.0,6,0,1,,Positive
Not Good product,1.0,3,0,1,,Negative
Works best with PPPoE type cable internet RJ45,5.0,8,0,1,,Positive
nice,5.0,1,1,1,,Positive
Sharp upper edges.,1.0,3,0,1,,Negative
Excellent Machine,5.0,2,1,1,,Positive
Very hard ball,2.0,3,0,1,,Negative
Damaged,2.0,1,0,1,,Negative
Superb product,5.0,2,1,1,,Positive
high class speakers,5.0,3,0,1,,Positive
OVER PRICED AT FLIP KART CHECK OUT RATE IN OTHER ONLINE STORES,3.0,12,0,1,,Neutral
ITS WHAT YOU NEED IN KITCHEN,5.0,6,0,1,,Positive
Philips HR 1832,5.0,3,0,1,,Positive
Very satisfactory,3.0,2,0,1,,Neutral
Best Product......Realy Nice,5.0,3,0,1,,Positive
"खूपच भारी product आहे, value for money!",5.0,7,0,0,,Positive
"Look classy, elegant, convenient with timer",5.0,6,0,1,,Positive
Performs what it was designed for..,5.0,6,0,1,,Positive
power grinder,4.0,2,0,1,,Positive
Expected a better product,2.0,4,0,1,,Negative
Perfect product! Awesome Dishwasher at affordable cost,5.0,7,0,1,,Positive
Good Service,5.0,2,1,1,,Positive
Bahut achcha hai,3.0,3,0,1,,Neutral
"Good Product, NOT GREAT",3.0,4,0,1,,Neutral
"Versatile, simple and a performer",5.0,5,0,1,,Positive
The best for the price range in the market,4.0,9,0,1,,Positive
Good service,5.0,2,1,1,,Positive
Optimal for small family,4.0,4,0,1,,Positive
Upgrade your network!!!,4.0,3,0,1,,Positive
Good Quality Product and Good Option for some one Gift.,5.0,10,0,1,,Positive
worst football ever..!!  good service by flipkart:),2.0,7,0,1,,Negative
Neptune VX Dishwasher,5.0,3,0,1,,Positive
Excellent range,5.0,2,1,1,,Positive
Outstanding.,5.0,1,1,1,,Positive
Wonderful Fridge.,5.0,2,1,1,,Positive
A perfect Deepawali Gift for my Mom,4.0,7,0,1,,Positive
Brilliant,5.0,1,1,1,,Positive
At this price point this the cheaper and durable..,4.0,9,0,1,,Positive
I am very satisfied with this purchase! The product is of great quality and the delivery was prompt. 😍👍🚚,5.0,19,0,0,😍👍🚚,Positive
Highly priced for the kind of stuff offered,2.0,8,0,1,,Negative
Nice product in this price.,4.0,5,0,1,,Positive
product is good for under 500 rupees.,4.0,7,0,1,,Positive
Average Sound Bar,3.0,3,0,1,,Neutral
Nice Product!!!!,4.0,2,0,1,,Positive
"बहुत उपयोगी है, डेली यूज के लिए बेस्ट।",5.0,8,0,0,,Positive
Faulty at times. multiple needles broke,2.0,6,0,1,,Negative
Useless product,1.0,2,0,1,,Negative
Average product,3.0,2,0,1,,Neutral
Nice to see this Product in Very Less Rate,5.0,9,0,1,,Positive
So little juice and so much of waste.,5.0,8,0,1,,Positive
FLIPKART'S SERVICE IS VERY GOOD AND SATISFACTORY.,4.0,7,0,1,,Positive
Nice,3.0,1,0,1,,Neutral
Great experience with IFB Dishwasher,5.0,5,0,1,,Positive
A must have gadget for a smart home,5.0,8,0,1,,Positive
Good. Bt bowls are too short,3.0,6,0,1,,Neutral
Very Good Microwave oven,5.0,4,0,1,,Positive
"1) Product quality = 2 stars, Delivery = 5 stars",2.0,10,0,1,,Negative
Excellent quality and great value for money! 😍💰,5.0,8,0,0,😍💰,Positive
Good camera kit,4.0,3,0,1,,Positive
Perfect product! can recommend to others,5.0,6,0,1,,Positive
Wondeful purchase. Very good experience until now.,5.0,7,0,1,,Positive
Price Value,4.0,2,0,1,,Positive
Useless Product,1.0,2,0,1,,Negative
NICE YAAR,4.0,2,0,1,,Positive
VFM - Primarily designed to move away from Cable,4.0,9,0,1,,Positive
Great Power Bank From Mi,5.0,5,0,1,,Positive
Same as google home mni,1.0,5,0,1,,Negative
"खूपच छान उत्पादन आहे, मला खूप आवडलं.",5.0,7,0,0,,Positive
Great Purchase,4.0,2,0,1,,Positive
rubbish,2.0,1,0,1,,Negative
"Good looks, good installation service, but weak material.",4.0,8,0,1,,Positive
Neat design and good outcome.,5.0,5,0,1,,Positive
Worst experience ever! DO NOT BUY,1.0,6,0,1,,Negative
Quality product from philips,4.0,4,0,1,,Positive
LG 20 L solo Microwave Oven is really good,4.0,9,0,1,,Positive
GOOD..,5.0,1,1,1,,Positive
not at its brand level.,1.0,5,0,1,,Negative
Seems little low power of motor,2.0,6,0,1,,Negative
Decent product.,3.0,2,0,1,,Neutral
"पैकेजिंग खराब थी, बॉक्स फटा हुआ था।",1.0,7,0,0,,Negative
best ball ever....,5.0,3,0,1,,Positive
Great Product!,5.0,2,1,1,,Positive
Not so efficient,3.0,3,0,1,,Neutral
Happy it is working well.,5.0,5,0,1,,Positive
Excellent Product By Philips,5.0,4,0,1,,Positive
Good choice! But bad installation.,4.0,5,0,1,,Positive
Stop Working With in ONE MONTH of Usage,1.0,8,0,1,,Negative
Nice buy for a family of 4.,4.0,7,0,1,,Positive
Strong but height is too short for TV base,4.0,9,0,1,,Positive
Compare to other router it is really good.,4.0,8,0,1,,Positive
Mixer Review,2.0,2,0,1,,Negative
Awesome purchase at this price,5.0,5,0,1,,Positive
Best router and AP,5.0,4,0,1,,Positive
Simply Ordinary,4.0,2,0,1,,Positive
Reliable and easy to use very good job bajaj...,5.0,9,0,1,,Positive
Nice TV,5.0,2,1,1,,Positive
very good,4.0,2,0,1,,Positive
Value-for-money,4.0,1,0,1,,Positive
"Bad Decision of buying plastic bucket, cheap material",1.0,8,0,1,,Negative
Very Goodreat product,4.0,3,0,1,,Positive
"The motor is good, but the engineering is terrible",2.0,9,0,1,,Negative
Flipkart is BRILLIANT but Bajaj is BAD,3.0,7,0,1,,Neutral
Awesome !,5.0,2,1,1,,Positive
"Average product, can be better 😕",3.0,6,0,0,😕,Neutral
Okay TV,3.0,2,0,1,,Neutral
Excellent juicer,5.0,2,1,1,,Positive
Worth each penny,4.0,3,0,1,,Positive
हेल्थ साठी खूप चांगलं आहे.,5.0,5,0,0,,Positive
Awesome Soundbar,5.0,2,1,1,,Positive
Beautiful design !!!,4.0,3,0,1,,Positive
expensive,2.0,1,0,1,,Negative
Bajaj FX 11,5.0,3,0,1,,Positive
Great Product with reliability of Bajaj.,5.0,6,0,1,,Positive
Unclear Specifications,1.0,2,0,1,,Negative
Excellent product as well as delivery service,5.0,7,0,1,,Positive
Go for it.,5.0,3,0,1,,Positive
Good purchase!,5.0,2,1,1,,Positive
Quality,5.0,1,1,1,,Positive
Reviewing after an year of use,3.0,6,0,1,,Neutral
Great in style juices like a boss,5.0,7,0,1,,Positive
Low Quality,1.0,2,0,1,,Negative
Quality product and great service from flipkart,5.0,7,0,1,,Positive
Nice product from IFB,4.0,4,0,1,,Positive
Nice Trendy and easy to Carry,4.0,6,0,1,,Positive
Shameful act of lying about product features.,1.0,7,0,1,,Negative
Worth every penny!!,5.0,3,0,1,,Positive
A wonderful product!!!,5.0,3,0,1,,Positive
Awesome buy ! Value for money,5.0,6,0,1,,Positive
Fabulous!,5.0,1,1,1,,Positive
100% Satisfied from the Product.,5.0,5,0,1,,Positive
Crompton ozone 75 desert air cooler,4.0,6,0,1,,Positive
Pretty good product,4.0,3,0,1,,Positive
"खूप छान product आहे, value for money!",5.0,7,0,0,,Positive
Got a good router after doing a lot of research!,5.0,10,0,1,,Positive
not detecting in my printer it is too bad,1.0,9,0,1,,Negative
Decent quality,4.0,2,0,1,,Positive
Not recommended at allused product,1.0,5,0,1,,Negative
damage product delivery and quality is very poor,1.0,8,0,1,,Negative
Good machine but hidden cost not mention.,3.0,7,0,1,,Neutral
चार्जिंग में बहुत टाइम लेता है यह फोन।,2.0,8,0,0,,Negative
worth for money,5.0,3,0,1,,Positive
Best Choice,5.0,2,1,1,,Positive
Value to Money (Smile)...!!!,5.0,4,0,1,,Positive
Best in class refrigerator,5.0,4,0,1,,Positive
Perfect for video editing but not for general users,4.0,9,0,1,,Positive
Wonderful..! I highly recommend.,5.0,4,0,1,,Positive
Ok for unbreakable stuff,2.0,4,0,1,,Negative
Ultimate security.,5.0,2,1,1,,Positive
Good look,5.0,2,1,1,,Positive
Best but not worth in this range,3.0,7,0,1,,Neutral
terrific purchase,5.0,2,1,1,,Positive
Feel Worst Experience,1.0,3,0,1,,Negative
Best Product in Best Price,5.0,5,0,1,,Positive
Monster !!,5.0,2,1,1,,Positive
Really bad product,1.0,3,0,1,,Negative
I am very satisfied with this purchase! The product is of great quality and the delivery was prompt. 😍👍🚚,5.0,19,0,0,😍👍🚚,Positive
kinda disapointed,3.0,2,0,1,,Neutral
Decent product,3.0,2,0,1,,Neutral
Old product and have scratch on face,1.0,7,0,1,,Negative
या किमतीत यापेक्षा चांगलं काहीच मिळणार नाही.,5.0,7,0,0,,Positive
Keep it up.,5.0,3,0,1,,Positive
Eureka Forbes Trendy Zip Dry Vacuum Cleaner,3.0,7,0,1,,Neutral
awesome product,5.0,2,1,1,,Positive
chepest Cardtige,5.0,2,1,1,,Positive
improper sync between audio and video.audio is being delayed,1.0,9,0,1,,Negative
"सर्वश्रेष्ठ प्रोडक्ट, ५ स्टार रेटिंग!",5.0,5,0,0,,Positive
Entry Level DSLR.,4.0,3,0,1,,Positive
Good product in repeating wifi but not the speed of host net,2.0,12,0,1,,Negative
Nice Camera,5.0,2,1,1,,Positive
Worst product ever,1.0,3,0,1,,Negative
"डिस्काउंट मध्ये मिळालं, मस्त डील होती.",5.0,6,0,0,,Positive
Good Product & Lowest Price ever only @ Flipkart,5.0,9,0,1,,Positive
Four Stars,4.0,2,0,1,,Positive
happy with the product and flipcart service.,4.0,7,0,1,,Positive
BAJAJ DX 2 L/W 600,4.0,5,0,1,,Positive
Poor value for money.,3.0,4,0,1,,Neutral
Good product under budget,4.0,4,0,1,,Positive
इस्तेमाल करने में आसान और हल्का है।,4.0,7,0,0,,Positive
स्पेस खूप कमी आहे आतमध्ये.,2.0,5,0,0,,Negative
Poor,1.0,1,0,1,,Negative
don't buy,4.0,2,0,1,,Positive
We got rid of the maid right away *****,5.0,9,0,1,,Positive
Catvision settop box,4.0,3,0,1,,Positive
Good cooler,5.0,2,1,1,,Positive
awwwwwwwwsome Ã°ÂÂÂ,5.0,2,1,0,,Positive
हमेशा की तरह बेस्ट सर्विस और प्रोडक्ट।,5.0,7,0,0,,Positive
Nice Product and very fast delivery,5.0,6,0,1,,Positive
Brilliant (Must have product in kitchen),5.0,6,0,1,,Positive
Good buy,3.0,2,0,1,,Neutral
Nice Mixer,5.0,2,1,1,,Positive
Highly recommended....,5.0,2,1,1,,Positive
Good Router!!!,5.0,2,1,1,,Positive
Switch has stopped working,1.0,4,0,1,,Negative
Wonderful product and quick delivery.,5.0,5,0,1,,Positive
Worst experience ever!,1.0,3,0,1,,Negative
Genunie product worth the money!!!,5.0,5,0,1,,Positive
Artesia Folding Sheesham Wood Relaxing Chair,5.0,6,0,1,,Positive
Best product for the price,5.0,5,0,1,,Positive
Nice product,4.0,2,0,1,,Positive
poor installation & demo,4.0,4,0,1,,Positive
availability,1.0,1,0,1,,Negative
Only one RAM slot,3.0,4,0,1,,Neutral
Thank u filipkart,5.0,3,0,1,,Positive
"आंख बंद करके खरीद लो, बेस्ट है।",5.0,7,0,0,,Positive
"डिस्काउंट में मिला, पैसा वसूल डील थी।",5.0,7,0,0,,Positive
Capacity is too low,2.0,4,0,1,,Negative
one of the best inverter,3.0,5,0,1,,Neutral
Brilliantly ball,5.0,2,1,1,,Positive
"Best in its class, borderless with IPS Panel.",5.0,8,0,1,,Positive
Thik hi hai,5.0,3,0,1,,Positive
Nice Product....,4.0,2,0,1,,Positive
Absolute rubbish!NOT GOOD,1.0,3,0,1,,Negative
awwwwwwwwsome ÃÂ°ÃÂÃÂÃÂ,5.0,2,1,0,,Positive
Good but expensive 💸🤔,3.0,4,0,0,💸🤔,Neutral
Super! Great deal and quality,5.0,5,0,1,,Positive
Just wow! Great Product,5.0,4,0,1,,Positive
Fantastic,4.0,1,0,1,,Positive
BEST PRODUCT AND BEST BUY,4.0,5,0,1,,Positive
Very usefull Product,3.0,3,0,1,,Neutral
Go for it without any second thoughts!,5.0,7,0,1,,Positive
"साधा प्रॉडक्ट आहे, काही खास नाही.",3.0,6,0,0,,Neutral
Good for the price,3.0,4,0,1,,Neutral
50 - 50,3.0,3,0,1,,Neutral
Does it's job,4.0,3,0,1,,Positive
Disappointed,4.0,1,0,1,,Positive
Excellent product,5.0,2,1,1,,Positive
Happy with it,5.0,3,0,1,,Positive
"Value for money, highly recommended! 😊👍",5.0,6,0,0,😊👍,Positive
Worth,5.0,1,1,1,,Positive
बैटरी बैकअप बहुत कम है इसका।,2.0,6,0,0,,Negative
SUPERB,5.0,1,1,1,,Positive
"Big, sturdy, worth the price",5.0,5,0,1,,Positive
Awesome M1 chip air,5.0,4,0,1,,Positive
Value for money product,4.0,4,0,1,,Positive
Good product. Recommended,5.0,3,0,1,,Positive
"Easy to assemble, super comfortable!",5.0,5,0,1,,Positive
Awesome Product,5.0,2,1,1,,Positive
Good product by Hero,5.0,4,0,1,,Positive
Great product.,5.0,2,1,1,,Positive
वापरण्यास सोपे आणि हलके आहे.,4.0,5,0,0,,Positive
Feedback,4.0,1,0,1,,Positive
Stop selling this. and stop buying this.,1.0,7,0,1,,Negative
Received broken plate and bowl,2.0,5,0,1,,Negative
Every Penny Worth for this Product Awesome Product @ Awesome,5.0,10,0,1,,Positive
This Product is very good and Taste Enhancer works perfect..,5.0,10,0,1,,Positive
Best one at this price range,4.0,6,0,1,,Positive
Excellent service from Flipkart,4.0,4,0,1,,Positive
"बढ़िया काम कर रहा है, highly recommended!",5.0,7,0,0,,Positive
"एकदम झकास, बहुत बढ़िया लगा!",5.0,5,0,0,,Positive
Good choice always,5.0,3,0,1,,Positive
Insurance more charges paid .,3.0,5,0,1,,Neutral
"डिस्प्ले चांगला नाही, डोळ्यांना त्रास होतो.",2.0,6,0,0,,Negative
Good Product Quick Delivery,4.0,4,0,1,,Positive
"Mixing, Grinding, chopping FANTASTIC. Shredding not so GREAT",3.0,8,0,1,,Neutral
Nice product with free installation service,5.0,6,0,1,,Positive
EXCELLENT PRODUCT FROM AGARO,5.0,4,0,1,,Positive
Very bad. It got burnt from the inside after 2 times.,1.0,11,0,1,,Negative
Product changed,1.0,2,0,1,,Negative
Happy wife,4.0,2,0,1,,Positive
Not a premium product...,3.0,4,0,1,,Neutral
Awesome product,5.0,2,1,1,,Positive
Pls refund the amount and take your machine back,1.0,9,0,1,,Negative
"Recommended, Nice Product, Fast Delivery. Worth for money.",5.0,8,0,1,,Positive
ठीक है पर लंबे समय तक चलेगा या नहीं पता नहीं।,3.0,11,0,0,,Neutral
BEST PRODUCT ! BEST PRICE ! JUST  GO FOR IT !,5.0,11,0,1,,Positive
inalsa food processor,5.0,3,0,1,,Positive
"Not DIY, buy at your own discretion",2.0,7,0,1,,Negative
okay,3.0,1,0,1,,Neutral
"नेक्स्ट डे डिलिव्हरी मिळाली, अमेझिंग!",5.0,5,0,0,,Positive
Superb!,5.0,1,1,1,,Positive
वॉरंटी कार्ड साथ में नहीं मिला।,2.0,6,0,0,,Negative
Good Grinder,5.0,2,1,1,,Positive
"Worst experience, काम नाही करत हे नीट, don't buy.",1.0,9,0,0,,Negative
West money,1.0,2,0,1,,Negative
Bad choice,2.0,2,0,1,,Negative
Waste of money,1.0,3,0,1,,Negative
Literally life changing!,5.0,3,0,1,,Positive
Not worth the money. The quality is poor and it stopped working after a week. 😞💔,2.0,16,0,0,😞💔,Negative
Good toy.,3.0,2,0,1,,Neutral
Heating Issue,2.0,2,0,1,,Negative
Awesome purchase,5.0,2,1,1,,Positive
बटण नीट काम करत नाहीत.,2.0,5,0,0,,Negative
Very useful product,4.0,3,0,1,,Positive
Wonderful milton no-1 brond superb,4.0,5,0,1,,Positive
"खूपच खराब प्रॉडक्ट, पैसे वाया गेले! 👎",1.0,7,0,0,👎,Negative
Not worth the price. The quality is poor and it broke after a week of use. 😞💔,2.0,17,0,0,😞💔,Negative
Pretty good but non steady due to length mismatch of legs.,4.0,11,0,1,,Positive
grind to your hearts content,5.0,5,0,1,,Positive
Worthless,1.0,1,0,1,,Negative
Biggest mistake of my life!,1.0,5,0,1,,Negative
Best buy. Perfect for daily needs,5.0,6,0,1,,Positive
PTZ Camera,5.0,2,1,1,,Positive
Good and easy to use.,4.0,5,0,1,,Positive
Excellent. Must Buy,5.0,3,0,1,,Positive
Super! quality,5.0,2,1,1,,Positive
Good product,4.0,2,0,1,,Positive
Over all good product,5.0,4,0,1,,Positive
"Mind blowing Machine with all in(Mixing, Chopping, Grinding)",5.0,8,0,1,,Positive
Nice Juicer.,5.0,2,1,1,,Positive
CHEATED,1.0,1,0,1,,Negative
Best Choice Dry-Iron for Hostel and/or PG students,5.0,8,0,1,,Positive
Absolute rubbish!,1.0,2,0,1,,Negative
Product & Delivery was awsome but for demo we have to pay,4.0,12,0,1,,Positive
Good 360 rotation product,5.0,4,0,1,,Positive
Almost Good,4.0,2,0,1,,Positive
"Ekdam bakwas quality, paise fukat gele 😡👎",1.0,7,0,0,😡👎,Negative
GOOD PRICE ...EXCELLENT PRODUCT,5.0,4,0,1,,Positive
My Dishwasher- Neptune VX,5.0,4,0,1,,Positive
Nice for kids and teens !!,4.0,6,0,1,,Positive
"A good, reliable, Sine wave invertor.",4.0,6,0,1,,Positive
Customer Support not available.,1.0,4,0,1,,Negative
Gud quality by Bajaj and Packing is also very gud by Flipkart.,3.0,12,0,1,,Neutral
Not recommended at all | Worst Product cheap quality,1.0,9,0,1,,Negative
A good handy 4k media streamer with few problems,3.0,9,0,1,,Neutral
Packing itself was in doubtful state. not working at all.,1.0,10,0,1,,Negative
Easy to clean and good to use,5.0,7,0,1,,Positive
Woww Product...,5.0,2,1,1,,Positive
"Poor Quality, Don't Waste Your Money !",1.0,7,0,1,,Negative
Excellent laptop!,5.0,2,1,1,,Positive
good entrylevel product,4.0,3,0,1,,Positive
Must Buy.......,5.0,2,1,1,,Positive
"एकदम ओरिजिनल है, क्वालिटी बहुत भारी है।",5.0,7,0,0,,Positive
not a great product comparing to its price,3.0,8,0,1,,Neutral
awesome,5.0,1,1,1,,Positive
Priced good!,4.0,2,0,1,,Positive
"काफी समय से ढूंढ रहा था, फाइनली मिल गया!",5.0,9,0,0,,Positive
Worth for Money..,4.0,3,0,1,,Positive
Good for simple work and medium gaming,4.0,7,0,1,,Positive
Consistent performer,4.0,2,0,1,,Positive
"वजन खूप जास्त आहे, पकडायला त्रास होतो.",2.0,7,0,0,,Negative
Awesome deal!!,5.0,2,1,1,,Positive
Easy to setup,5.0,3,0,1,,Positive
Bad product really disappointed,1.0,4,0,1,,Negative
Moderate,2.0,1,0,1,,Negative
"सर्व्हिस खूप स्लो आहे, डिलिव्हरी उशिरा मिळाली.",2.0,7,0,0,,Negative
marvelous,5.0,1,1,1,,Positive
"Not very sturdy, low height.",1.0,5,0,1,,Negative
प्रोडक्ट पर खरोंच के निशान थे।,2.0,6,0,0,,Negative
Good cycle,4.0,2,0,1,,Positive
amazing coloured prints. :),4.0,4,0,1,,Positive
Go For It,5.0,3,0,1,,Positive
Nice one,4.0,2,0,1,,Positive
delivery was one day late,4.0,5,0,1,,Positive
best routes,4.0,2,0,1,,Positive
wonderful little microwave,5.0,3,0,1,,Positive
Same as b4,5.0,3,0,1,,Positive
mind blowing,5.0,2,1,1,,Positive
supports win8.1 and cable broadband,4.0,5,0,1,,Positive
Great Buy,5.0,2,1,1,,Positive
"नक्कीच घ्या, डोळे झाकून विश्वास ठेवा.",5.0,6,0,0,,Positive
Cheated by Flipkart on price,4.0,5,0,1,,Positive
FLIPKART - TRULY GREAT,5.0,4,0,1,,Positive
Good Furniture,5.0,2,1,1,,Positive
EXCELLENT IN TERMS OF COMPATIBILITY & PERFORMANCE.,5.0,7,0,1,,Positive
Cool Cooler for Extreme Summer heat,4.0,6,0,1,,Positive
बटन ठीक से काम नहीं कर रहे हैं।,2.0,8,0,0,,Negative
Does the JOB,4.0,3,0,1,,Positive
Work Table for Office,5.0,4,0,1,,Positive
Don't waste your money.,1.0,4,0,1,,Negative
Super Product... delivered in less than 24 hours,5.0,8,0,1,,Positive
Nice Convention Microwave Oven @8000,4.0,5,0,1,,Positive
Picture settings not getting applied to HDMI / AV input,4.0,10,0,1,,Positive
Delightful product,4.0,2,0,1,,Positive
Good Seller and Genuine Ink,5.0,5,0,1,,Positive
Worst Delivery Flipkart,1.0,3,0,1,,Negative
Economic and Easy to Operate- Recommended .,5.0,7,0,1,,Positive
Great brand - More than 6 years,5.0,7,0,1,,Positive
"Met Expectations, Clean Dishes, Low Noise, Economical",5.0,7,0,1,,Positive
Veryy poor.....,1.0,2,0,1,,Negative
Purchased the product on 24th got delivered on 30th septembe,3.0,10,0,1,,Neutral
Fantastic Product and Excellent delivery from Flipkart.,5.0,7,0,1,,Positive
Perfect for a small home,5.0,5,0,1,,Positive
Worst and Useless without Installation,1.0,5,0,1,,Negative
Excellent Juicer,5.0,2,1,1,,Positive
"मस्त आहे, colors are very vibrant, go for it!",4.0,9,0,0,,Positive
Awsome product,5.0,2,1,1,,Positive
Terrific purchase,5.0,2,1,1,,Positive
Very functional,5.0,2,1,1,,Positive
Acceptable,3.0,1,0,1,,Neutral
This is the real thermos,5.0,5,0,1,,Positive
"Good in performance, but need improvement in design.",4.0,8,0,1,,Positive
IT PERFORMS GREAT,5.0,3,0,1,,Positive
Very Good product,5.0,3,0,1,,Positive
Best in the budget.,4.0,4,0,1,,Positive
V-guard,4.0,1,0,1,,Positive
Hated it! This Tv has issues with connecting  to Wifi .,1.0,11,0,1,,Negative
:),5.0,1,1,1,,Positive
Cools well but the User Manual can be improved,4.0,9,0,1,,Positive
Must buy! its Awesome excellent features.,5.0,6,0,1,,Positive
Expected a better product.,2.0,4,0,1,,Negative
Loving it,5.0,2,1,1,,Positive
6 months usage review.,3.0,4,0,1,,Neutral
Value for money & good product,5.0,6,0,1,,Positive
Great build quality & features. But unreliable,3.0,7,0,1,,Neutral
हेल्थ के लिए बहुत फायदेमंद है यह।,5.0,7,0,0,,Positive
Absolute rubbish! Waste of Money. Very Very BAD,1.0,8,0,1,,Negative
Thin wire,1.0,2,0,1,,Negative
कीमत थोड़ी ज्यादा है पर काम अच्छा है।,4.0,8,0,0,,Positive
Smart inverter!,5.0,2,1,1,,Positive
Delightful and nice to have this product.,4.0,7,0,1,,Positive
Better than expected,5.0,3,0,1,,Positive
Great Experience,5.0,2,1,1,,Positive
"Quality khupach ghan aahe, don't buy 🤮",1.0,7,0,0,🤮,Negative
Terrific product for the price,5.0,5,0,1,,Positive
"Except for Sound and Battery, all is good.",4.0,8,0,1,,Positive
Worth buying,5.0,2,1,1,,Positive
Excellent Product at Reasonable Price,5.0,5,0,1,,Positive
Came with broken cover.,2.0,4,0,1,,Negative
Excellent Product in the given price range,5.0,7,0,1,,Positive
Worried of recieving defective product but thanks to flipkart for replacing it with a brand new model of Bajaj FX11 FP,5.0,21,0,1,,Positive
"The product is decent, but the delivery was delayed by a week. 🚚⌛",3.0,13,0,0,🚚⌛,Neutral
Excellent Product!!,5.0,2,1,1,,Positive
Appropriate size and good quality.,4.0,5,0,1,,Positive
"नक्कीच शिफारस करेन, उत्तम दर्जा.",5.0,5,0,0,,Positive
Great,4.0,1,0,1,,Positive
Its not a cooler its Ac cooler,5.0,7,0,1,,Positive
Worst product,1.0,2,0,1,,Negative
Awesome product within this price range.,5.0,6,0,1,,Positive
Poor Product Quality,2.0,3,0,1,,Negative
"दुसरीकडे स्वस्त मिळतंय, इथे महाग आहे.",2.0,6,0,0,,Negative
Good Quality Product,5.0,3,0,1,,Positive
Very much satisfied with the product.,5.0,6,0,1,,Positive
"अगले ही दिन डिलीवरी मिल गई, शानदार!",5.0,7,0,0,,Positive
One Star,1.0,2,0,1,,Negative
Cooker brand,1.0,2,0,1,,Negative
Low quality,1.0,2,0,1,,Negative
"Not working,Misguiding Rating.",1.0,3,0,1,,Negative
Nice entry level DSLR,5.0,4,0,1,,Positive
"Best,M happy with it",5.0,4,0,1,,Positive
Good Experience,5.0,2,1,1,,Positive
Worth every dime..,5.0,3,0,1,,Positive
WORST FOOTBALL,1.0,2,0,1,,Negative
Product = 10/10,5.0,3,0,1,,Positive
"मुझे यह बहुत पसंद आया, थैंक्स फ्लिपकार्ट!",5.0,7,0,0,,Positive
"खूप ओरिजनल वाटतंय, क्वालिटी भारी आहे.",5.0,6,0,0,,Positive
Amazing product at cheap price,5.0,5,0,1,,Positive
Damaged product,1.0,2,0,1,,Negative
Product is proportionate to the cost,4.0,6,0,1,,Positive
Very bad product,1.0,3,0,1,,Negative
The best product for Flipkart,4.0,5,0,1,,Positive
Economical Feature phone with good functionality,5.0,6,0,1,,Positive
Just Go for it,5.0,4,0,1,,Positive
Utterly disspointed with Taste,1.0,4,0,1,,Negative
Average ball,3.0,2,0,1,,Neutral
Good Product at Great Price,5.0,5,0,1,,Positive
Very good,5.0,2,1,1,,Positive
Affordable as well as very very portable vacuum cleaner,5.0,9,0,1,,Positive
"क्वालिटी बहुत अच्छी है, मैं खुश हूँ।",5.0,7,0,0,,Positive
The Best In the Class,5.0,5,0,1,,Positive
Ideal for Beginners,5.0,3,0,1,,Positive
NO PROBLEM WITH THIS PRODUCT,5.0,5,0,1,,Positive
Good Quality and Value-for-money,4.0,4,0,1,,Positive
Don't Buy,1.0,2,0,1,,Negative
Wow product,5.0,2,1,1,,Positive
Good product in budget,5.0,4,0,1,,Positive
GOOD,5.0,1,1,1,,Positive
Classy product for gifting,5.0,4,0,1,,Positive
Great product. must buy it...,5.0,5,0,1,,Positive
Flipkart.. The Best.,5.0,3,0,1,,Positive
Just go fot it if you want decent gaming keyboard in budget,4.0,12,0,1,,Positive
Microtek,5.0,1,1,1,,Positive
"मस्त आहे, दर्जा खूप चांगला आहे.",5.0,6,0,0,,Positive
Amazing Good for Its price,5.0,5,0,1,,Positive
Nice.,5.0,1,1,1,,Positive
"अच्छी डील है, मैं संतुष्ट हूँ।",5.0,6,0,0,,Positive
"""Wise deal for the price""",5.0,5,0,1,,Positive
Happy with product,5.0,3,0,1,,Positive
awesome but quite hard,4.0,4,0,1,,Positive
"nice product, but color was different than shown 😕",4.0,9,0,0,😕,Positive
"काम नीट करत नाही, वेळ वाया गेला.",1.0,7,0,0,,Negative
Boat Soundbar,3.0,2,0,1,,Neutral
Choose Another washing machine  better if you choose samsung,2.0,9,0,1,,Negative
Good Power Bank,4.0,3,0,1,,Positive
Overpriced,1.0,1,0,1,,Negative
D-Link DIR-615 Wireless N 300 Router,4.0,6,0,1,,Positive
Best aqua guard at affordable price,4.0,6,0,1,,Positive
Great looks mixer but worst designed jars,1.0,7,0,1,,Negative
Excellent quality at a low price,5.0,6,0,1,,Positive
Not starting after 1 month after purchage.,2.0,7,0,1,,Negative
"आवाज खूप स्पष्ट आहे, बेस्ट स्पीकर.",5.0,6,0,0,,Positive
Fantastic Air cooler in affordable price,5.0,6,0,1,,Positive
Very sleep and sharp,4.0,4,0,1,,Positive
Excellent Iron Box for cheap Price.,5.0,6,0,1,,Positive
Best buy at this point in time (October 2021),5.0,9,0,1,,Positive
Best smartphone under 10k.,5.0,4,0,1,,Positive
Unsatisfactory took 11 days to deliver,1.0,6,0,1,,Negative
Best product thanks flipkart,5.0,4,0,1,,Positive
i m in love with it,5.0,6,0,1,,Positive
Very useful,4.0,2,0,1,,Positive
Canon Best always,5.0,3,0,1,,Positive
Fabulous!Awesome smart home device with display. Love it.,5.0,8,0,1,,Positive
"रंग आणि डिझाइन भारी आहे, एकदम मस्त!",5.0,7,0,0,,Positive
Little Wonder,5.0,2,1,1,,Positive
Amazing product! 😍 love it.,5.0,5,0,0,😍,Positive
Awesome DSLR Camera!,5.0,3,0,1,,Positive
2 Thumbs up !!,5.0,4,0,1,,Positive
इस बजट में इससे अच्छा कुछ नहीं मिलेगा।,5.0,8,0,0,,Positive
Goodwill,4.0,1,0,1,,Positive
किंमत जास्त आहे पण प्रॉडक्ट चांगलं आहे.,4.0,7,0,0,,Positive
Amazing!,5.0,1,1,1,,Positive
Super products,5.0,2,1,1,,Positive
okay product,3.0,2,0,1,,Neutral
Nice product but installation part was week.,4.0,7,0,1,,Positive
Performance of Bajaj FX 7,1.0,5,0,1,,Negative
Canon black ink cartridge,4.0,4,0,1,,Positive
Just okayTV is good but delivery guy behavior was not good.,3.0,11,0,1,,Neutral
Satisfied with the camera,5.0,4,0,1,,Positive
Best of Microwave oven at this price range,5.0,8,0,1,,Positive
"VERY BAD PRODUCT , DONT BUY THIS",1.0,7,0,1,,Negative
Loooong Lasting,5.0,2,1,1,,Positive
Average Product,3.0,2,0,1,,Neutral
A good water purifier in budget with good aftersale service,4.0,10,0,1,,Positive
Good quality product,4.0,3,0,1,,Positive
Not working,1.0,2,0,1,,Negative
IFB DISHWASHER AMAZING PRODUCT,5.0,4,0,1,,Positive
Product accha nahi hai 😡,2.0,5,0,0,😡,Negative
A Good Buy,4.0,3,0,1,,Positive
not good gx1,2.0,3,0,1,,Negative
Fair Enough,5.0,2,1,1,,Positive
Does not work at all! 💀🚫,1.0,6,0,0,💀🚫,Negative
Utterly Disappointed !!!,1.0,3,0,1,,Negative
CHEATING,1.0,1,0,1,,Negative
A good product,5.0,3,0,1,,Positive
Awesome juicer from philips,5.0,4,0,1,,Positive
Good quality dinner set,5.0,4,0,1,,Positive
Need to check,4.0,3,0,1,,Positive
Must buy! Cool product,5.0,4,0,1,,Positive
Good buy a genuine cartridge,5.0,5,0,1,,Positive
Just Good,3.0,2,0,1,,Neutral
"Great Product, but MADE IN CHINA. False info by Flipkart",3.0,10,0,1,,Neutral
Shipping was real quick!,5.0,4,0,1,,Positive
crashed automatically my life is in danger bcoz of this,1.0,10,0,1,,Negative
"नक्की खरेदी करा, खूप उपयोगी आहे.",5.0,6,0,0,,Positive
Nivia storm football Size 5,5.0,5,0,1,,Positive
Good overall,5.0,2,1,1,,Positive
Excellent and value for money Wet Grinder,5.0,7,0,1,,Positive
"Grip,toughness and design",3.0,3,0,1,,Neutral
Perfect product!,5.0,2,1,1,,Positive
Excellent and must Buy,5.0,4,0,1,,Positive
Quality and value for Money,5.0,5,0,1,,Positive
UT7002S26 model is a no-nonsense bicycle...worth buying,5.0,7,0,1,,Positive
Terrific,5.0,1,1,1,,Positive
Decent,5.0,1,1,1,,Positive
Superb product for singles,5.0,4,0,1,,Positive
Awesome,5.0,1,1,1,,Positive
Best RO within range,5.0,4,0,1,,Positive
DAILY USAGE,4.0,2,0,1,,Positive
Decent Microwave,5.0,2,1,1,,Positive
Speed better than seagate samsung,5.0,5,0,1,,Positive
Just wow! My parents are loving it!,5.0,7,0,1,,Positive
"Excellent, Works well",5.0,3,0,1,,Positive
"Nice picture, good sound and really smart TV",5.0,8,0,1,,Positive
"मस्त आहे, quality is really superior, नक्की खरेदी करा.",5.0,9,0,0,,Positive
"The product is average, but the delivery was on time. 🚚⌛",3.0,11,0,0,🚚⌛,Neutral
Superb five star product,5.0,4,0,1,,Positive
"बकवास क्वालिटी, दोन दिवसात खराब झालं.",1.0,6,0,0,,Negative
Best Cooler !,5.0,3,0,1,,Positive
Thanks for delivering the Product on time.,5.0,7,0,1,,Positive
Must buy! Excellent Product,5.0,4,0,1,,Positive
Good Product for Great Price,5.0,5,0,1,,Positive
Good camera for this price range.,5.0,6,0,1,,Positive
Part missing,1.0,2,0,1,,Negative
Best Ever Mixer Grinder | Recommended | Butterfly Rocks,5.0,9,0,1,,Positive
good one,3.0,2,0,1,,Neutral
Good camera from Qubo,5.0,4,0,1,,Positive
Good decent product and worth the money,4.0,7,0,1,,Positive
Old Hardware and Old Software,2.0,5,0,1,,Negative
hands off flipkart,1.0,3,0,1,,Negative
the finishing and the quality are superb,5.0,7,0,1,,Positive
Best quality and fast delivery 🚀🔥,5.0,6,0,0,🚀🔥,Positive
Amazing product for its price!!!,5.0,5,0,1,,Positive
Affordable price with good features and quality,5.0,7,0,1,,Positive
Good basic microwave oven,4.0,4,0,1,,Positive
Flop,2.0,1,0,1,,Negative
Signal is not much strong,3.0,5,0,1,,Neutral
"Heats up soon, disappointed",1.0,4,0,1,,Negative
Good but nothing fancy,3.0,4,0,1,,Neutral
Very Nice and Sturdy product,5.0,5,0,1,,Positive
Good product at really low price,4.0,6,0,1,,Positive
Delightful Purchase : Got bad habit of speaking to assistant,5.0,10,0,1,,Positive
Worth every pennyvery good product...,5.0,5,0,1,,Positive
"Terrible customer service, will never buy again! 😡👎",1.0,8,0,0,😡👎,Negative
HP 678 Black Ink Cartridge,5.0,5,0,1,,Positive
Terrible experience! The item was defective and the customer service was unhelpful. 😡👎,1.0,13,0,0,😡👎,Negative
Okay Product,3.0,2,0,1,,Neutral
Worst purchase ever! The item arrived broken and the customer service was terrible. 😡👎,1.0,14,0,0,😡👎,Negative
IFB Dishwasher usage & utility,4.0,5,0,1,,Positive
"The product is average, but the delivery was on time. 🚚⌛",3.0,11,0,0,🚚⌛,Neutral
Good quality floor mat,5.0,4,0,1,,Positive
"टिकाऊ नाही, लगेच तुटलं.",1.0,4,0,0,,Negative
Value for money....,5.0,3,0,1,,Positive
"Terrible product,don't buy",1.0,3,0,1,,Negative
very bad quality,1.0,3,0,1,,Negative
IFB is far superior than other brands,5.0,7,0,1,,Positive
Nan,2.0,1,0,1,,Negative
Classy product,5.0,2,1,1,,Positive
good product,4.0,2,0,1,,Positive
Worst than expected.,1.0,3,0,1,,Negative
Product is awsm and service is worse,5.0,7,0,1,,Positive
"वजन बहुत ज्यादा है, हाथ दर्द करने लगता है।",2.0,9,0,0,,Negative
A third hand for my Mom!,5.0,6,0,1,,Positive
"really bad product, worst service from flipkart",1.0,7,0,1,,Negative
Delightful,4.0,1,0,1,,Positive
great juicer easy to handle,5.0,5,0,1,,Positive
"बहुत महंगा है, इतना पैसा वसूल नहीं है।",2.0,8,0,0,,Negative
Worst Installlation Service provided,1.0,4,0,1,,Negative
Choppers not good,1.0,3,0,1,,Negative
Amazing value for money! The product exceeded my expectations and the delivery was fast. 😍💰🚚,5.0,15,0,0,😍💰🚚,Positive
Satisfied,5.0,1,1,1,,Positive
Just Okay Okay,3.0,3,0,1,,Neutral
Really Nice,4.0,2,0,1,,Positive
Don't buy this if you are on high speed internet connection,3.0,11,0,1,,Neutral
Simply Awesome,5.0,2,1,1,,Positive
excellent,5.0,1,1,1,,Positive
Beast,5.0,1,1,1,,Positive
Worth the moneygood,4.0,3,0,1,,Positive
Awesome Bass!! Loved it!!,5.0,4,0,1,,Positive
Mind-blowing purchase >>> Just for it,5.0,6,0,1,,Positive
A1 worth for every penny,5.0,5,0,1,,Positive
Works as expected,4.0,3,0,1,,Positive
Good Product..,4.0,2,0,1,,Positive
Great Laptop,5.0,2,1,1,,Positive
Not a Good design,3.0,4,0,1,,Neutral
awesome = insane,5.0,3,0,1,,Positive
powerful suction,5.0,2,1,1,,Positive
Good,3.0,1,0,1,,Neutral
Great value,5.0,2,1,1,,Positive
Exhauste fan,4.0,2,0,1,,Positive
Length of Electrical wire,2.0,4,0,1,,Negative
Inalsa,5.0,1,1,1,,Positive
Micro owen,4.0,2,0,1,,Positive
life saver!!!,5.0,2,1,1,,Positive
Suitable for light-weight stuff,4.0,4,0,1,,Positive
Internet is not Working Properly,5.0,5,0,1,,Positive
amazingly superb,5.0,2,1,1,,Positive
Good product..but bad service by flipkart!,5.0,6,0,1,,Positive
Go ahead and buy!!,5.0,4,0,1,,Positive
Good Camera by Hero,5.0,4,0,1,,Positive
Not recommended at all,1.0,4,0,1,,Negative
Wireless Range is Good,5.0,4,0,1,,Positive
"Fabulous product with lot of features, yet within the budget",5.0,10,0,1,,Positive
World class product at deep discount on big billion day !!,5.0,11,0,1,,Positive
One word go for LivPure,4.0,5,0,1,,Positive
Smart kettle,5.0,2,1,1,,Positive
Not worth the price,2.0,4,0,1,,Negative
fast delivery,3.0,2,0,1,,Neutral
"Great experience, quality and yield",5.0,5,0,1,,Positive
5 months only,2.0,3,0,1,,Negative
Build quality is not good,1.0,5,0,1,,Negative
Perfect solo m/w for solely reheating,5.0,6,0,1,,Positive
Not recommended,1.0,2,0,1,,Negative
Marketing tactics....Nothing special..,3.0,3,0,1,,Neutral
Powerful beast!!,5.0,2,1,1,,Positive
Fair,3.0,1,0,1,,Neutral
Easy Installation and Nice product,5.0,5,0,1,,Positive
Good TV - Now 4K option makes more sense,4.0,9,0,1,,Positive
meet the expections,5.0,3,0,1,,Positive
"बहुत ही बढ़िया प्रोडक्ट है, जरूर खरीदें।",5.0,7,0,0,,Positive
"The Best Fan in the market, you can buy with confidence",5.0,11,0,1,,Positive
Not as described on the site but no issues with the Quality.,3.0,12,0,1,,Neutral
Mind-blowing purchase at this Price Point,5.0,6,0,1,,Positive
ifb dishwasher neptune Vx,5.0,4,0,1,,Positive
Amazing Product from IFB!,5.0,4,0,1,,Positive
Very Good Product in a Valuable Price,5.0,7,0,1,,Positive
Good product and Very fast delivery of flipkart.. :D,4.0,9,0,1,,Positive
Working fine with BSNL 3G,4.0,5,0,1,,Positive
Fabulous! must buy,5.0,3,0,1,,Positive
"Not good if display device is a monitors, no seperate audio",2.0,11,0,1,,Negative
Wait for the better price if you are not in a hurry,5.0,12,0,1,,Positive
good,4.0,1,0,1,,Positive
Best one in this price range,5.0,6,0,1,,Positive
Excellent product!,5.0,2,1,1,,Positive
inverter making noise very irritating.,3.0,5,0,1,,Neutral
"very bad,,, not at all suitable for such a nice platform like flipkart",1.0,13,0,1,,Negative
VEry BAd,1.0,2,0,1,,Negative
Good Flask it is.,5.0,4,0,1,,Positive
Good Juicer with satisfactory build quality,5.0,6,0,1,,Positive
Two Stars,5.0,2,1,1,,Positive
Excellent Product. User friendly,5.0,4,0,1,,Positive
product accha nahi hai 😡,2.0,5,0,0,😡,Negative
"Not worth the price, very disappointed 😞💔",2.0,7,0,0,😞💔,Negative
All in one..,5.0,3,0,1,,Positive
"nice product, value for money! 😍",5.0,6,0,0,😍,Positive
Cool Device.,5.0,2,1,1,,Positive
Dont buy,1.0,2,0,1,,Negative
Value of money,5.0,3,0,1,,Positive
"Great product, HORRIBLE service.",3.0,4,0,1,,Neutral
Very Bad,1.0,2,0,1,,Negative
"Poor quality fit and finish, water leaks..",1.0,7,0,1,,Negative
"दिसायला सुंदर आहे, घरच्यांना आवडलं.",5.0,5,0,0,,Positive
D link the best,4.0,4,0,1,,Positive
Its good but comes with few caveats,5.0,7,0,1,,Positive
Very nice product,5.0,3,0,1,,Positive
Good Product but check for tape at any part of table,4.0,11,0,1,,Positive
"working fine, but product quality very cheep.",2.0,7,0,1,,Negative
just go for it its worth of money,5.0,8,0,1,,Positive
Excellent Product Extremely Quick Delivery,5.0,5,0,1,,Positive
Superb,3.0,1,0,1,,Neutral
Prithvi,4.0,1,0,1,,Positive
perfect product,5.0,2,1,1,,Positive
Very Good,4.0,2,0,1,,Positive
very poor,2.0,2,0,1,,Negative
Awesome speaker in this price range,5.0,6,0,1,,Positive
Not advisable to buy..poor quality!,1.0,5,0,1,,Negative
"Superb delivery! काल ऑर्डर केलं आणि आज मिळालं, fast service.",5.0,10,0,0,,Positive
Good product value for money,4.0,5,0,1,,Positive
best print at low cost : ),5.0,7,0,1,,Positive
HP Sells Ink & Head and not Printer,1.0,8,0,1,,Negative
Avg product,2.0,2,0,1,,Negative
Happy to purchase,5.0,3,0,1,,Positive
nice feeling,5.0,2,1,1,,Positive
Thank you flipkart,5.0,3,0,1,,Positive
Do not buy this router.,1.0,5,0,1,,Negative
Review,5.0,1,1,1,,Positive
Nice and superb,5.0,3,0,1,,Positive
"Average product, किंमत थोडी जास्त आहे (price is high).",3.0,9,0,0,,Neutral
Worth the price - room for improvement and software upgrade,4.0,10,0,1,,Positive
The best at the price point,5.0,6,0,1,,Positive
"Fast Shipping, Genuine product",5.0,4,0,1,,Positive
Average,3.0,1,0,1,,Neutral
Very Less Pages,1.0,3,0,1,,Negative
Awesome Both Product & Service...,5.0,5,0,1,,Positive
Best in the market,5.0,4,0,1,,Positive
Budget one,4.0,2,0,1,,Positive
IFB Dishwasher,5.0,2,1,1,,Positive
Excellent for the price.,5.0,4,0,1,,Positive
"I love flipkart,this soldring iron is best",5.0,7,0,1,,Positive
Low quality product,1.0,3,0,1,,Negative
great deal at this price,5.0,5,0,1,,Positive
Livepure Pep Pro++ 7L RO +UV +UF,5.0,7,0,1,,Positive
Excellent one,5.0,2,1,1,,Positive
Perfect product and ideal!!,4.0,4,0,1,,Positive
Micro tech invetor,1.0,3,0,1,,Negative
This is early review.. will update later,5.0,7,0,1,,Positive
Best in Class,4.0,3,0,1,,Positive
study table,4.0,2,0,1,,Positive
"मला हे खूप आवडलं, धन्यवाद फ्लिपकार्ट!",5.0,6,0,0,,Positive
Bajaj GX 1 Mixer Grinder,1.0,5,0,1,,Negative
Hp 46 cartridge,4.0,3,0,1,,Positive
"Simple , Value for money",5.0,5,0,1,,Positive
Really Great product.,5.0,3,0,1,,Positive
"पैसे की बर्बादी है, मत लेना कोई भी।",1.0,8,0,0,,Negative
Bad quality,2.0,2,0,1,,Negative
its not bad,3.0,3,0,1,,Neutral
Best in the market! Have a look at description for details,5.0,11,0,1,,Positive
Satisfied!,4.0,1,0,1,,Positive
The dlink product is good to purchase,3.0,7,0,1,,Neutral
no 1 worst product,1.0,4,0,1,,Negative
Worth every penny & Brilliant,5.0,5,0,1,,Positive
Perfect near the dinner table of a small family.,5.0,9,0,1,,Positive
Not a full smart tv,3.0,5,0,1,,Neutral
Very much safisfactory product.,5.0,4,0,1,,Positive
Full disappointed Ã°ÂÂÂ¡,1.0,3,0,0,,Negative
Good product..,5.0,2,1,1,,Positive
"product okk hai, but delivery was slow 😕",3.0,8,0,0,😕,Neutral
value for money,5.0,3,0,1,,Positive
8 hrs backup for what capacity battery?,5.0,7,0,1,,Positive
Kitchen friend,5.0,2,1,1,,Positive
Best to Buy From Flipkart,5.0,5,0,1,,Positive
"The product is okay, but the delivery was delayed by a few days. 🚚⌛",3.0,14,0,0,🚚⌛,Neutral
This item is very bad and not useful,2.0,8,0,1,,Negative
Best Buy for a Beginner,5.0,5,0,1,,Positive
Only 30 mbps  transfer speed,1.0,5,0,1,,Negative
"बकवास है, दो दिन में टूट गया।",1.0,7,0,0,,Negative
"The BEST ""Regular TV"" for a ""Non-Smart"" experience!",4.0,8,0,1,,Positive
"Overall average product, but Built Quality could have been better..",3.0,10,0,1,,Neutral
"बहुत फास्ट डिलीवरी हुई, मजा आ गया!",5.0,7,0,0,,Positive
Fabulous till now !,5.0,4,0,1,,Positive
Nice and Useful Product,4.0,4,0,1,,Positive
"अंदर काफी कम जगह है, छोटा है।",2.0,7,0,0,,Negative
Great product,5.0,2,1,1,,Positive
Gud Product Hatsoff to flipkart,4.0,5,0,1,,Positive
Fabulous product,5.0,2,1,1,,Positive
"3rd class , cheap product , don't buy",1.0,8,0,1,,Negative
"Bad quality, drivers faililng within 2 weeks of usage",2.0,9,0,1,,Negative
Good enough,4.0,2,0,1,,Positive
Good Product,5.0,2,1,1,,Positive
Not as expected it to be. may be upgrade can make it better,3.0,13,0,1,,Neutral
Amazing product,4.0,2,0,1,,Positive
Worst flipkart service,1.0,3,0,1,,Negative
incomplete item received,1.0,3,0,1,,Negative
Nice product at awesome price.,4.0,5,0,1,,Positive
best juicer,5.0,2,1,1,,Positive
Good. BT bowls are too short,3.0,6,0,1,,Neutral
"RISKY INVESTMENT...FULL OF BUGS, LAGS & HANGS!!",2.0,7,0,1,,Negative
NICE FOOD PROCESSOR,5.0,3,0,1,,Positive
Fab cooler,5.0,2,1,1,,Positive
Good set of features,5.0,4,0,1,,Positive
bajaj mixer grinder,4.0,3,0,1,,Positive
good quality product at a great price,5.0,7,0,1,,Positive
"सर्वोत्कृष्ट उत्पादन, ५ स्टार!",5.0,4,0,0,,Positive
Awesome Juicer. Value for money,5.0,5,0,1,,Positive
Love this product very much,5.0,5,0,1,,Positive
"दूसरी जगह सस्ता मिल रहा है, यहाँ नहीं।",2.0,8,0,0,,Negative
Fabulous!!!,5.0,1,1,1,,Positive
About product,1.0,2,0,1,,Negative
A very nice product,4.0,4,0,1,,Positive
Door is bad,3.0,3,0,1,,Neutral
Good Football,4.0,2,0,1,,Positive
Very good product,5.0,3,0,1,,Positive
best decided for it.,5.0,4,0,1,,Positive
Sound is not upto the Mark!,1.0,6,0,1,,Negative
Good product - enhances range,5.0,5,0,1,,Positive
Mast,5.0,1,1,1,,Positive
Mind-blowing purchase Good product and quality,5.0,6,0,1,,Positive
item looking good but it was not full as describe in detail,4.0,12,0,1,,Positive
bad service,1.0,2,0,1,,Negative
good quality and value for money.,4.0,6,0,1,,Positive
NICE PRODUCT IN THIS PRICE,4.0,5,0,1,,Positive
product  looking very nice & strong quality,5.0,7,0,1,,Positive
Best Laptop Ever Budget Gaming,5.0,5,0,1,,Positive
Another nice Google product!,5.0,4,0,1,,Positive
nivia storm football,5.0,3,0,1,,Positive
Inverter,5.0,1,1,1,,Positive
Excellent Dishwasher,5.0,2,1,1,,Positive
Best Deal in Market !!,5.0,5,0,1,,Positive
WOW PRODUCT IF YOU WANT TO SEE YOUR OWN DREAMS IN THIS TV!,5.0,13,0,1,,Positive
Super!,5.0,1,1,1,,Positive
Best product and service,5.0,4,0,1,,Positive
"कम्फर्टेबल आहे, पाय दुखत नाहीत.",5.0,5,0,0,,Positive
Bajaj GX1 500 W Mixer Grinder,3.0,6,0,1,,Neutral
Looking good,4.0,2,0,1,,Positive
Defective Item Sent,1.0,3,0,1,,Negative
Best Buy,5.0,2,1,1,,Positive
Worst experience ever! Faulty Machine & zero response from f,1.0,10,0,1,,Negative
Very Good Router,5.0,3,0,1,,Positive
Ok kind of cooler..not effective in hot conditions,3.0,8,0,1,,Neutral
bad quality product,1.0,3,0,1,,Negative
Wonderful Product,5.0,2,1,1,,Positive
Superb value for money product,5.0,5,0,1,,Positive
Ok. for the price,4.0,4,0,1,,Positive
Bad Quality,2.0,2,0,1,,Negative
Awesome Microwave with Best price,5.0,5,0,1,,Positive
Awesome...Best For Beginner's!!!!!!!!,5.0,3,0,1,,Positive
"कलर और डिजाइन मस्त है, एकदम जबरदस्त!",5.0,7,0,0,,Positive
Terrible product from google,1.0,4,0,1,,Negative
ALL GOOD,5.0,2,1,1,,Positive
Sound over Bluetooth cracks sometimes....,3.0,5,0,1,,Neutral
Mind blowing purchase,5.0,3,0,1,,Positive
Otg,5.0,1,1,1,,Positive
"Compact, value for money",5.0,4,0,1,,Positive
A good gift !,5.0,4,0,1,,Positive
Perfect juicer for vegetables and fruits.,5.0,6,0,1,,Positive
PRODUCT IS GOOD.SELLER is CHEATING.FLIPKART Service TOO SLOW,4.0,8,0,1,,Positive
In 5 days the item stopped working,3.0,7,0,1,,Neutral
Excellent / supernb,5.0,3,0,1,,Positive
नेटवर्क कवरेज अच्छा नहीं है घर के अंदर।,2.0,8,0,0,,Negative
Super,5.0,1,1,1,,Positive
Great Deal,5.0,2,1,1,,Positive
9838797786,5.0,1,1,1,,Positive
Football,3.0,1,0,1,,Neutral
Worthy...,4.0,1,0,1,,Positive
Will print maximum 100 pages,2.0,5,0,1,,Negative
"खराब पॅकेजिंग, बॉक्स तुटलेला होता.",1.0,5,0,0,,Negative
Poor quality,1.0,2,0,1,,Negative
Excellent Print Jobs!,5.0,3,0,1,,Positive
Issue With Range,3.0,3,0,1,,Neutral
Simply awesome,5.0,2,1,1,,Positive
Water Purifier,5.0,2,1,1,,Positive
Best food processor,5.0,3,0,1,,Positive
Decent product - to buy only if you have WiFi router at Home,3.0,13,0,1,,Neutral
"डिलीवरी बहुत लेट हुई, सर्विस खराब है।",2.0,7,0,0,,Negative
"बकवास प्रॉडक्ट, वापरून बघा नका! 😡",1.0,6,0,0,😡,Negative
tough but not like the pic shown here !!,4.0,9,0,1,,Positive
"product mast hai,but delivery late hui 😡",3.0,7,0,0,😡,Neutral
only for rich kids,3.0,4,0,1,,Neutral
Overall,4.0,1,0,1,,Positive
"Highly recommended, amazing product by Google",5.0,6,0,1,,Positive
good product excellent service.,4.0,4,0,1,,Positive
Good Delivery and product,5.0,4,0,1,,Positive
NYC one product from Philips,5.0,5,0,1,,Positive
Value for money,5.0,3,0,1,,Positive
BISHNU SAHIBGANJ JH,5.0,3,0,1,,Positive
"USELESS PRODUCT, WORST.....",1.0,3,0,1,,Negative
Its Awesome !,5.0,3,0,1,,Positive
Different type of football,3.0,4,0,1,,Neutral
Super! Worth it !,5.0,4,0,1,,Positive
Wow,5.0,1,1,1,,Positive
Good and Worthful,5.0,3,0,1,,Positive
Defective Product,1.0,2,0,1,,Negative
Very Very Good Product,5.0,4,0,1,,Positive
Good product...,4.0,2,0,1,,Positive
Bajaj 1701MT 17 L Solo Microwave Oven,3.0,7,0,1,,Neutral
Bajaj solo microwave is a great product,5.0,7,0,1,,Positive
good choice for singles,5.0,4,0,1,,Positive
Not for kids below 12 years,1.0,6,0,1,,Negative
Very poor,1.0,2,0,1,,Negative
Very bad,1.0,2,0,1,,Negative
Juicer Jar is of no Use,3.0,6,0,1,,Neutral
Met some expectations,4.0,3,0,1,,Positive
It is very Good Product,5.0,5,0,1,,Positive
Sturdy Table,4.0,2,0,1,,Positive
Economical but poor quality,2.0,4,0,1,,Negative
Terrible experience! The item was defective and the customer service was unhelpful. 😡👎,1.0,13,0,0,😡👎,Negative
Wonderful product,5.0,2,1,1,,Positive
Just go for it!,5.0,4,0,1,,Positive
A nice Product,4.0,3,0,1,,Positive
Mind-blowing purchase,5.0,2,1,1,,Positive
SASTA ROYE EK BAR,5.0,4,0,1,,Positive
Pretty Good Quality.,5.0,3,0,1,,Positive
Above-average product,3.0,2,0,1,,Neutral
Good for hard ground,5.0,4,0,1,,Positive
Good Juicer,5.0,2,1,1,,Positive
UNSATISFACTORY,1.0,1,0,1,,Negative
Good clock.,5.0,2,1,1,,Positive
Superb!!!,5.0,1,1,1,,Positive
HP combo Pack 678 Inkjet cartridge,5.0,6,0,1,,Positive
Sexy design,3.0,2,0,1,,Neutral
Superb quality,5.0,2,1,1,,Positive
Not as soft as it appears,3.0,6,0,1,,Neutral
"It is okay, nothing special 😐",3.0,6,0,0,😐,Neutral
Good Performance.,4.0,2,0,1,,Positive
avg quality,2.0,2,0,1,,Negative
Microtek UPS SW EB1100 Pure Sine Wave Inverter Pure Sine Wav,5.0,11,0,1,,Positive
"Like an assembled, one can get for 4.5K Cheap Quality",1.0,10,0,1,,Negative
Great!..Must buy!,5.0,2,1,1,,Positive
Super product,5.0,2,1,1,,Positive
wrost product,1.0,2,0,1,,Negative
Nice and sturdy,4.0,3,0,1,,Positive
Excellent,5.0,1,1,1,,Positive
No Technical person provided,5.0,4,0,1,,Positive
BEST MECHANICAL KEYBOARD UNDER 2000,5.0,5,0,1,,Positive
Awesome deal,5.0,2,1,1,,Positive
after using for 3 weeks,5.0,5,0,1,,Positive
Lenovo is the best,5.0,4,0,1,,Positive
Good Product but charges for installation and Pipes,3.0,8,0,1,,Neutral
Careful to opt exchange,4.0,4,0,1,,Positive
Full disappointed ÃÂ°ÃÂÃÂÃÂ¡,1.0,3,0,0,,Negative
Just wow! most deserved smart speaker,5.0,6,0,1,,Positive
Quality product,5.0,2,1,1,,Positive
Cannon PG47,5.0,2,1,1,,Positive
very Nice,3.0,2,0,1,,Neutral
फोटोमध्ये दिसतं तसं नाहीये.,2.0,4,0,0,,Negative
Excellent product at this price.,5.0,5,0,1,,Positive
AWESOMEÃ¢ÂÂºÃ¢ÂÂº.VALUE FOR MONEY...DOUBLE THUMBS UP FOR THAT,4.0,7,0,0,,Positive
Great Product,5.0,2,1,1,,Positive
Execllent,5.0,1,1,1,,Positive
"product quality accha hai, paisa vasool! 😍",5.0,7,0,0,😍,Positive
Utterly Disappointed,1.0,2,0,1,,Negative
"Worth every penny, with next day delivery as promised",5.0,9,0,1,,Positive
"Broken item received, very disappointed 😫💢",1.0,6,0,0,😫💢,Negative
worst product,1.0,2,0,1,,Negative
Amazing,5.0,1,1,1,,Positive
Product ekdam bhari aahe 😍 loved it!,5.0,7,0,0,😍,Positive
One of the Best in the market!,5.0,7,0,1,,Positive
It cost me 15k to get my data recovered! Don't buy this!,1.0,12,0,1,,Negative
Best and Elegant for tabletop.,5.0,5,0,1,,Positive
Stops working after return period,1.0,5,0,1,,Negative
I should have bought it earlier....,5.0,6,0,1,,Positive
Box,5.0,1,1,1,,Positive
Its wonderful BUT,4.0,3,0,1,,Positive
BAD! Too Noisy,1.0,3,0,1,,Negative
Great for the price,5.0,4,0,1,,Positive
Fine,4.0,1,0,1,,Positive
"Product rating,",3.0,2,0,1,,Neutral
"पैकिंग बहुत अच्छी थी, सुरक्षित मिला।",5.0,6,0,0,,Positive
Good Product at this price point !,3.0,7,0,1,,Neutral
VERY GOOD PRODUCT,5.0,3,0,1,,Positive
Value for the money,5.0,4,0,1,,Positive
sahi hai...,4.0,2,0,1,,Positive
"Good product, but doesn't work out of box if your main router is TP-LINK",5.0,14,0,1,,Positive
सॉफ्टवेयर अपडेट के बाद स्लो हो गया।,2.0,7,0,0,,Negative
Must buy!Go for it..,5.0,4,0,1,,Positive
Just okay Yes,3.0,3,0,1,,Neutral
Good with not so great service.,3.0,6,0,1,,Neutral
nice product and perfect product,5.0,5,0,1,,Positive
GOOD QUALITY WATER FILTER,5.0,4,0,1,,Positive
the best laptop you could get for 63k.....just go for it,5.0,11,0,1,,Positive
IFB Doesn't need any quality clarification,5.0,6,0,1,,Positive
Worst steamer,1.0,2,0,1,,Negative
Don't waste money,1.0,3,0,1,,Negative
Great product and giving consistent 300Mbps using Jio Fiber,5.0,9,0,1,,Positive
Amazing Dishwasher!!,5.0,2,1,1,,Positive
Great product but no Demo organized...,4.0,6,0,1,,Positive
"खूप दिवसांपासून हवं होतं, मिळालं!",5.0,5,0,0,,Positive
Nice Product,5.0,2,1,1,,Positive
NICE PRODUCT AT A SUPERB PRICE,5.0,6,0,1,,Positive
Good choice for a busy household,5.0,6,0,1,,Positive
स्क्रॅचेस होते प्रॉडक्ट वर.,2.0,4,0,0,,Negative
Bajaj FX 11 Food Processor,4.0,5,0,1,,Positive
Best in the market! Go for it.,5.0,7,0,1,,Positive
Stopped working in 20 days,1.0,5,0,1,,Negative
Excellent product! The quality is top-notch and the delivery was fast. 😍👍🚚,5.0,12,0,0,😍👍🚚,Positive
VERY GOOD PRODUCT (Price increased now),5.0,6,0,1,,Positive
वॉरंटी कार्ड मिळालं नाही.,2.0,4,0,0,,Negative
Horrible,1.0,1,0,1,,Negative
Superb Product by Bajaj & Superb Delivery by Flipkart :) :),5.0,11,0,1,,Positive
Bad product,1.0,2,0,1,,Negative
product quality issues,1.0,3,0,1,,Negative
Does the job,3.0,3,0,1,,Neutral
"Worst, pure chinese product, Never waste your hard earned Rs",1.0,10,0,1,,Negative
"Descent Product. Quite good, not the best.",4.0,7,0,1,,Positive
Best option on this price,4.0,5,0,1,,Positive
One of the best Kitchen Appliance,4.0,6,0,1,,Positive
Awesome product but no free installation,5.0,6,0,1,,Positive
Simply awesome Excellent. Go for it.,5.0,6,0,1,,Positive
"Awesomenice  prodect ,,",5.0,3,0,1,,Positive
CHEAPER ONLY BECAUSE OF COST CUTTING,1.0,6,0,1,,Negative
inalsa is good,2.0,3,0,1,,Negative
"दिखने में सुंदर है, घर वालों को पसंद आया।",5.0,9,0,0,,Positive
Good TV for price but needs improvement,3.0,7,0,1,,Neutral
Mid range Beast... Ryzen >>> i5,5.0,6,0,1,,Positive
"लुक खूप प्रीमियम आहे, आवडलं!",5.0,5,0,0,,Positive
Awesomevery good,5.0,2,1,1,,Positive
review after 1 and half years,5.0,6,0,1,,Positive
Its a great buy,5.0,4,0,1,,Positive
Worth Money,4.0,2,0,1,,Positive
IFB MACHINE WORKS WELL WITH FORTUNE DETERGENT +&-,5.0,8,0,1,,Positive
मटेरियल बहुत लो क्वालिटी का है।,1.0,6,0,0,,Negative
can't grind spices...,2.0,3,0,1,,Negative
"Was initially skeptical on new brand, worth a shot",4.0,9,0,1,,Positive
"GREAT PRODUCT, GREAT SERVICE BY FLIPKART",5.0,6,0,1,,Positive
Nice Mixer @ Nice Price,5.0,5,0,1,,Positive
Great Inverter,5.0,2,1,1,,Positive
The product is best for cleaning your home,5.0,8,0,1,,Positive
Nice product.,5.0,2,1,1,,Positive
"आवडलं, कलर एकदम जबरदस्त आहे.",5.0,5,0,0,,Positive
Just wow!,5.0,2,1,1,,Positive
good quality for Rs.200.,4.0,4,0,1,,Positive
Using this for the last 4 months,4.0,7,0,1,,Positive
Impressive!!!!,5.0,1,1,1,,Positive
AWESOMEÃÂ¢ÃÂÃÂºÃÂ¢ÃÂÃÂº.VALUE FOR MONEY...DOUBLE THUMBS UP FOR THAT,4.0,7,0,0,,Positive
Worthless Product,1.0,2,0,1,,Negative
Super performance,5.0,2,1,1,,Positive
Packaging was terrible and smell is bad 😷,2.0,8,0,0,😷,Negative
A first worst product by FLIPKART,2.0,6,0,1,,Negative
Three Stars,3.0,2,0,1,,Neutral
WORST QUALITY - STOPPED WORKING JUST AFTER 25 DAYS,1.0,9,0,1,,Negative
Highly recommended,5.0,2,1,1,,Positive
Super awesome,4.0,2,0,1,,Positive
Amazing camera,5.0,2,1,1,,Positive
Best Product & Worth Buying!!,5.0,5,0,1,,Positive
Dlink,5.0,1,1,1,,Positive
good ball,5.0,2,1,1,,Positive
Product is Good but Huge in size,3.0,7,0,1,,Neutral
Did not meet expectation,1.0,4,0,1,,Negative
Great Camera and Awesome Pan Feature,5.0,6,0,1,,Positive
Worth the money . Desert Cooler live up to the Name .,4.0,12,0,1,,Positive
"डिस्प्ले अच्छा नहीं है, आँखों में चुभता है।",2.0,8,0,0,,Negative
Excellent product from Google!,5.0,4,0,1,,Positive
Nice Flask!!!,5.0,2,1,1,,Positive
Awesome...,4.0,1,0,1,,Positive
Awesome Sound,5.0,2,1,1,,Positive
Food processor means Inalsa,5.0,4,0,1,,Positive
VFM cartridge,5.0,2,1,1,,Positive
"The product is okay, but the delivery was delayed by a few days. 🚚⌛",3.0,14,0,0,🚚⌛,Neutral
Worst product and service including service staff,1.0,7,0,1,,Negative
Great Product :),5.0,3,0,1,,Positive
Excellent product with great build quality,4.0,6,0,1,,Positive
Excellent product from IFB & timely shipping from Flipkart,5.0,9,0,1,,Positive
Wonderful PAISA WASOOL YAAR,5.0,4,0,1,,Positive
Excellent better than su kam,5.0,5,0,1,,Positive
Excellent product from Qubo,5.0,4,0,1,,Positive
Juicer,5.0,1,1,1,,Positive
Best for Cooking,5.0,3,0,1,,Positive
Delivery was late but product is fine 🚚⌛,3.0,8,0,0,🚚⌛,Neutral
Its okay,4.0,2,0,1,,Positive
Rubber will hurt,4.0,3,0,1,,Positive
GOOD PRODUCT,3.0,2,0,1,,Neutral
Good...go ahead and order...no issues,5.0,5,0,1,,Positive
Awesome daily use crockery,5.0,4,0,1,,Positive
Worst experience,1.0,2,0,1,,Negative
worst service from flipkart this time,1.0,6,0,1,,Negative
Great Deal for a budget gaming laptop,5.0,7,0,1,,Positive
Worthy enough for all the promises made,5.0,7,0,1,,Positive
The portable hard-disk is fine,4.0,5,0,1,,Positive
Great product.....with this price range,5.0,5,0,1,,Positive
Its Good,5.0,2,1,1,,Positive
An investment in health,4.0,4,0,1,,Positive
Good choice,4.0,2,0,1,,Positive
Want to buy a budget tv...this is the right choice for FHD,5.0,12,0,1,,Positive
Nice product from Flipkart,5.0,4,0,1,,Positive
Good Choice....,5.0,2,1,1,,Positive
Does the job (almost),4.0,4,0,1,,Positive
Pretty good,4.0,2,0,1,,Positive
Bought this for making chutney bt couldn't get max use of it,3.0,12,0,1,,Neutral
Easy to carry around and have a rich sound signature,5.0,10,0,1,,Positive
Not worth the price. The quality is poor and it broke after a week of use. 😞💔,2.0,17,0,0,😞💔,Negative
"Don't waste your money, पैसे वाया जातील तुमचे, नका घेऊ.",1.0,10,0,0,,Negative
GOOD Product,4.0,2,0,1,,Positive
Good product and easy Setup.,5.0,5,0,1,,Positive
Quality Service at best price,5.0,5,0,1,,Positive
Fantastic juicer,5.0,2,1,1,,Positive
सॉफ्टवेअर अपडेट नंतर हँग होत आहे.,2.0,6,0,0,,Negative
Bad service,2.0,2,0,1,,Negative
Great seller,5.0,2,1,1,,Positive
Excellent buy at the affordable cost,4.0,6,0,1,,Positive
Works Perfectly with CRT TV. No better option than this.,5.0,10,0,1,,Positive
ESET-I am happy,5.0,3,0,1,,Positive
Slightly disappointed,2.0,2,0,1,,Negative
Very Usefull buy - will make ur wife happy...,5.0,9,0,1,,Positive
Neptune,5.0,1,1,1,,Positive
Tv review,3.0,2,0,1,,Neutral
Works well,5.0,2,1,1,,Positive
Best buy!,5.0,2,1,1,,Positive
Great Product! Value for money.,4.0,5,0,1,,Positive
Best In class,4.0,3,0,1,,Positive
Terrific Purchase considering the Price Point !!!,5.0,7,0,1,,Positive
DO NOT WASTE YR MONEY ON THIS !!!,1.0,8,0,1,,Negative
Worth every penny,5.0,3,0,1,,Positive
Stopped Working After 5 mins!,2.0,5,0,1,,Negative
Terrible product,1.0,2,0,1,,Negative
"Best quality, easy to use. 100% satisfaction.",5.0,7,0,1,,Positive
An absolute beast!,5.0,3,0,1,,Positive
I love this product! It works perfectly and the quality is amazing! 😍👍,5.0,13,0,0,😍👍,Positive
Very very bad and worthless TV and I feel bad service TV,1.0,12,0,1,,Negative
NYC product,5.0,2,1,1,,Positive
Thanks,4.0,1,0,1,,Positive
Perfect product !,5.0,3,0,1,,Positive
Badly disappointed,2.0,2,0,1,,Negative
Classy Product,5.0,2,1,1,,Positive
Very nice solo microwave,5.0,4,0,1,,Positive
Recamended Product,3.0,2,0,1,,Neutral
Best sewing machine,5.0,3,0,1,,Positive
Awesome product..,5.0,2,1,1,,Positive
Works excellent,4.0,2,0,1,,Positive
terrific,5.0,1,1,1,,Positive
Working good worth in price,5.0,5,0,1,,Positive
LOVED IT,5.0,2,1,1,,Positive
"आवडलं नाही, परत केलं मी.",1.0,5,0,0,,Negative
Waste of money!,1.0,3,0,1,,Negative
"Does what it says, Amazing service from Flipkart",5.0,8,0,1,,Positive
A Good Ball To Buy,5.0,5,0,1,,Positive
Gud experience with filpkart,5.0,4,0,1,,Positive
"आवाज बहुत साफ़ है, बेस्ट ब्लूटूथ स्पीकर।",5.0,7,0,0,,Positive
Not reliable and bad quality product.,1.0,6,0,1,,Negative
Works very well as a repeater,4.0,6,0,1,,Positive
फोटो जैसा दिख रहा था वैसा नहीं है।,2.0,8,0,0,,Negative
Wonderful- Excellent,5.0,2,1,1,,Positive
BEST IN THE MARKET,5.0,4,0,1,,Positive
Good and Vaule for Money,4.0,5,0,1,,Positive
Smart Microwave,5.0,2,1,1,,Positive
Must buy! Working as designed and as described,5.0,8,0,1,,Positive
"Good set, safely packed, but really small bowls",3.0,8,0,1,,Neutral
Best in the market at this price range,5.0,8,0,1,,Positive
Don't buy this. It will stop working on 11th day.,1.0,10,0,1,,Negative
Good product and good delivery service,4.0,6,0,1,,Positive
Good product if you have guts,5.0,6,0,1,,Positive
Just go for it,5.0,4,0,1,,Positive
BAD PRODUCT,4.0,2,0,1,,Positive
Just okay,3.0,2,0,1,,Neutral
Worth in this price,4.0,4,0,1,,Positive
"Terrific, More than I expected.",5.0,5,0,1,,Positive
i love it,5.0,3,0,1,,Positive
Good but could have been better,3.0,6,0,1,,Neutral
Very hard n heavy,3.0,4,0,1,,Neutral
best product,5.0,2,1,1,,Positive
"Good, but very costly",2.0,4,0,1,,Negative
मटेरियल खूप हलक्या प्रतीचे आहे.,1.0,5,0,0,,Negative
Hardground football,4.0,2,0,1,,Positive
Too Noisy. Dont Buy. Full Stop.,1.0,6,0,1,,Negative
5 Star Product,5.0,3,0,1,,Positive
Best in the market!,5.0,4,0,1,,Positive
Met Expectations,3.0,2,0,1,,Neutral
"बिल्कुल रिकमेंड करूँगा, बेस्ट चॉइस।",5.0,5,0,0,,Positive
Good Deal,5.0,2,1,1,,Positive
Hated it!,1.0,2,0,1,,Negative
Awesome cooler,5.0,2,1,1,,Positive
Great Microwave!,4.0,2,0,1,,Positive
food processor,5.0,2,1,1,,Positive
Super!Excelleant product,5.0,2,1,1,,Positive
"बहुत कंफर्टेबल है, पहनकर अच्छा लगा।",5.0,6,0,0,,Positive
Good security for PC,4.0,4,0,1,,Positive
"product okk hai, but packaging was bad 😕",3.0,8,0,0,😕,Neutral
You need to shell out another Rs. 7000 for installation,4.0,10,0,1,,Positive
Micro,5.0,1,1,1,,Positive
Good not best,4.0,3,0,1,,Positive
Neptune FX1 Dishwasher,5.0,3,0,1,,Positive
"बकवास प्रॉडक्ट, वापरून बघू नका! Very bad quality.",1.0,8,0,0,,Negative
BAD Clarity,2.0,2,0,1,,Negative
Much better than hand wash.,5.0,5,0,1,,Positive
Must buy! It's an excellent product.,5.0,6,0,1,,Positive
Great Mixer,5.0,2,1,1,,Positive
Basic appliance for reheating. Body heats up in 10mins,3.0,9,0,1,,Neutral
Over all good !!,4.0,4,0,1,,Positive
very bad product,1.0,3,0,1,,Negative
Best Sewing machine.,5.0,3,0,1,,Positive
"Quality is best, नक्की खरेदी करा, आवडलं मला.",5.0,8,0,0,,Positive
Item is good but Delhivery courier service worst.,1.0,8,0,1,,Negative
Warranty is fake,1.0,3,0,1,,Negative
Excellent Service,5.0,2,1,1,,Positive
Excellent Solo Microwave - Perfect size - Perfect price,5.0,9,0,1,,Positive
"Timely delivery , next day Installation a top class service",4.0,10,0,1,,Positive
"Superb experience, will buy again! ❤️",5.0,6,0,0,❤,Positive
Awesome same as explained,5.0,4,0,1,,Positive
Could be way better,2.0,4,0,1,,Negative
alam,2.0,1,0,1,,Negative
Burning Smell,1.0,2,0,1,,Negative
"साइज बहुत छोटा है, फिट नहीं हुआ।",2.0,7,0,0,,Negative
Product quality is low,1.0,4,0,1,,Negative
"पॅकिंग खूप भारी होतं, सुरक्षित मिळालं.",5.0,6,0,0,,Positive
this model has issue in wifi,1.0,6,0,1,,Negative
Don't waste your money,1.0,4,0,1,,Negative
Great buy,4.0,2,0,1,,Positive
"The product is okay, but the delivery was late 🚚⌛",3.0,10,0,0,🚚⌛,Neutral
good product but not best,4.0,5,0,1,,Positive
Real Performer,5.0,2,1,1,,Positive
"Worth every penny, Just got for it.",5.0,7,0,1,,Positive
Good!!,5.0,1,1,1,,Positive
MI means TRUST from now on...,4.0,6,0,1,,Positive
Very Good product!,5.0,3,0,1,,Positive
नेहमीप्रमाणे बेस्ट सर्व्हिस.,5.0,3,0,0,,Positive
Best among the water purifiers in this segment...,5.0,8,0,1,,Positive
Good Stuff with Reasonable Price Only in Flipkart,4.0,8,0,1,,Positive
genuine product,5.0,2,1,1,,Positive
Satisfactory performance. bit noisy though,4.0,5,0,1,,Positive
Beast in this Range!,5.0,4,0,1,,Positive
Good One,4.0,2,0,1,,Positive
Worth it,5.0,2,1,1,,Positive
"पसंद नहीं आया, मैंने वापस कर दिया।",1.0,7,0,0,,Negative
"चांगली खरेदी, मी समाधानी आहे.",5.0,5,0,0,,Positive
Bajaj Food Processeor,1.0,3,0,1,,Negative
Regular usage not good.,2.0,4,0,1,,Negative
Need of these days.,5.0,4,0,1,,Positive
"खूप छान प्रॉडक्ट आहे, आवडलं! ✨",5.0,6,0,0,✨,Positive
Easy to grind..!!,5.0,3,0,1,,Positive
"Black color is not good.. size, fitting and elastic are good",4.0,11,0,1,,Positive
Great product for offered price,5.0,5,0,1,,Positive
nice product,5.0,2,1,1,,Positive
"खूप फास्ट डिलिव्हरी, थँक्स!",5.0,4,0,0,,Positive
why is this so overpriced at Flipkart,3.0,7,0,1,,Neutral
pre-install windows 11,5.0,3,0,1,,Positive
Excellent Router compare to TP-Link TL-WR841 N 300,5.0,8,0,1,,Positive
Great Product from Samsung!,5.0,4,0,1,,Positive
very useful,4.0,2,0,1,,Positive
Hats off,5.0,2,1,1,,Positive
Simply awesome.,4.0,2,0,1,,Positive
Good one,3.0,2,0,1,,Neutral
Not great,2.0,2,0,1,,Negative
Well!!!,4.0,1,0,1,,Positive
Buget food processor with good quality.,5.0,6,0,1,,Positive
Excellent water purifier,5.0,3,0,1,,Positive
Great Product  as expected,5.0,4,0,1,,Positive
"Bahut badhiya product hai, delivery fast hoti.",5.0,7,0,0,,Positive
Super! GOOD PRODUCT,5.0,3,0,1,,Positive
Good product for the price,5.0,5,0,1,,Positive
Not fixed on TV HDMI Slot due to unavailability of space,3.0,11,0,1,,Neutral
Good for its price,5.0,4,0,1,,Positive
Worth deal!,5.0,2,1,1,,Positive
2 weeks still no installation,1.0,5,0,1,,Negative
चार्जिंगला खूप वेळ लागतो.,2.0,4,0,0,,Negative
"खूप महाग आहे, परवडत नाही.",2.0,5,0,0,,Negative
gorgeous juicer that works wonders!!!!!!,5.0,5,0,1,,Positive
Not Worth,4.0,2,0,1,,Positive
Great deal and awesome service by Flipkart,5.0,7,0,1,,Positive
Loved it,5.0,2,1,1,,Positive
worth buying,4.0,2,0,1,,Positive
Not good,2.0,2,0,1,,Negative
Easy to Use,5.0,3,0,1,,Positive
Poor Signal,3.0,2,0,1,,Neutral
"एकदम झकास, भारी आहे!",5.0,4,0,0,,Positive
"Good One, Needs more improvement",4.0,5,0,1,,Positive
Best microwave oven,5.0,3,0,1,,Positive
Paisa wasool product! Mast aahe. ❤️,5.0,6,0,0,❤,Positive
It's simple and superb.,5.0,4,0,1,,Positive
Far Better Juicer in comparison to other,5.0,7,0,1,,Positive
Bad delivery person,3.0,3,0,1,,Neutral
Where i get the service ??,3.0,6,0,1,,Neutral
"बढ़िया काम कर रहा है, highly recommended for everyone.",5.0,9,0,0,,Positive
Good Quality,5.0,2,1,1,,Positive
"मजबूत नहीं है, जल्दी खराब हो गया।",1.0,7,0,0,,Negative
Hated it!Second hand box received,1.0,5,0,1,,Negative
Go for it !!,5.0,4,0,1,,Positive
hidden costs?!,4.0,2,0,1,,Positive
"Invoice serial number mismatch issue,apple support rejecting",1.0,7,0,1,,Negative
working good and osm speed nice!!,5.0,6,0,1,,Positive
"Beware, You might get a habits to just ask Assistant",4.0,10,0,1,,Positive
Best In Class and Sturdy for Room Decoration.,5.0,8,0,1,,Positive
"साधारण सा प्रोडक्ट है, कुछ खास नहीं।",3.0,7,0,0,,Neutral
Awesome Product and Good Styling,5.0,5,0,1,,Positive
The worst product I have ever bought! It stopped working after a day and the customer service was terrible. 😡👎,1.0,20,0,0,😡👎,Negative
Buy if you need a small portable wired speaker.,3.0,9,0,1,,Neutral
Bajaj GX 1 Mixer grinder,4.0,5,0,1,,Positive
Awesome product with quick delivery,5.0,5,0,1,,Positive
Good Product & Delivery,3.0,4,0,1,,Neutral
good Item but only for warming the food,3.0,8,0,1,,Neutral
New one,5.0,2,1,1,,Positive
Liked it,4.0,2,0,1,,Positive
Very bad experience 😡 strictly avoid.,1.0,6,0,0,😡,Negative
Compact,5.0,1,1,1,,Positive
Good product and delivery,5.0,4,0,1,,Positive
Good!,5.0,1,1,1,,Positive
Bad quality dishwasher,2.0,3,0,1,,Negative
Looks superb but not good for blocking light,3.0,8,0,1,,Neutral
Seamless buy & installation,5.0,4,0,1,,Positive
"पैसे वाया गेले, अजिबात घेऊ नका.",1.0,6,0,0,,Negative
Fine quality,1.0,2,0,1,,Negative
Good product in this price,4.0,5,0,1,,Positive
I Love Flipkart,5.0,3,0,1,,Positive
Just wow! Excellent Quality & You Can Blindly Go For It,5.0,11,0,1,,Positive
The taste is just wow! 😋✨,5.0,6,0,0,😋✨,Positive
if you have wifi at home then go for it,5.0,10,0,1,,Positive
Work the money for every penny,5.0,6,0,1,,Positive
Value For Money,5.0,3,0,1,,Positive
Superb Performance for a Week,1.0,5,0,1,,Negative
Honest review,5.0,2,1,1,,Positive
Value for Money - Got it in 61k,4.0,8,0,1,,Positive
Hard time following up with Flipkart for the installation and demo of the IFB Microwave,1.0,15,0,1,,Negative
Nice Product by Singer,5.0,4,0,1,,Positive
Don't waste your money...worst product,1.0,5,0,1,,Negative
very bad!!!,2.0,2,0,1,,Negative
"product quality accha hai, paisa vasool! 😍",5.0,7,0,0,😍,Positive
dont waste your money,2.0,4,0,1,,Negative
HP Black 678,1.0,3,0,1,,Negative
Very Good Protect!!! Must Buy!,5.0,5,0,1,,Positive
Mi tv,4.0,2,0,1,,Positive
Good machine but their outsourced service will cheat you,4.0,9,0,1,,Positive
Best router avaiable,4.0,3,0,1,,Positive
GREAT BALL,5.0,2,1,1,,Positive
Ff,5.0,1,1,1,,Positive
Nice Juicer for Health concise people,5.0,6,0,1,,Positive
Never purchase from RBStore Seller,1.0,5,0,1,,Negative
Worth the money review on first use,4.0,7,0,1,,Positive
Pretty cool product,5.0,3,0,1,,Positive
Very good product with this price,4.0,6,0,1,,Positive
A product that put a smile on my face,5.0,9,0,1,,Positive
Highly recommended. Must Buy.,5.0,4,0,1,,Positive
Good for its price!,4.0,4,0,1,,Positive
Buy and Enjoy...,5.0,3,0,1,,Positive
Supar,5.0,1,1,1,,Positive
Greate Microwave Form IFB ! Go For It !,5.0,9,0,1,,Positive
Waste of money- bad sound bad mic,1.0,7,0,1,,Negative
Good for 20W or below requirement,5.0,6,0,1,,Positive
Simply awesome.value for money Product,5.0,5,0,1,,Positive
Very bad quality. In just 1 month the inverter is dead,1.0,11,0,1,,Negative
Five Stars,5.0,2,1,1,,Positive
Cartridge delivered .. superfast and well packed.,5.0,7,0,1,,Positive
Go fot it :),5.0,4,0,1,,Positive
Worst camera,2.0,2,0,1,,Negative
product is not working..,1.0,4,0,1,,Negative
Good in budget,3.0,3,0,1,,Neutral
The ball is NO good! NOT RECOMMENDED,1.0,7,0,1,,Negative
Inalsa Food Processor,1.0,3,0,1,,Negative
Great Microwave,5.0,2,1,1,,Positive
Must buy!,5.0,2,1,1,,Positive
Awesome design and easy to use and clean,5.0,8,0,1,,Positive
Stopped working in 4 months,1.0,5,0,1,,Negative
Wow ! Excellent demo by Singer in person even in COVID times,5.0,12,0,1,,Positive
Good Performance,4.0,2,0,1,,Positive
Very Good Product,5.0,3,0,1,,Positive
"Brilliant device with a decent price if you are using any cable BROADBAND(tikona,local cable broadband that do not require a telephone line)",5.0,22,0,1,,Positive
Nice (do give discount sometime please),5.0,6,0,1,,Positive
convinient product,4.0,2,0,1,,Positive
A quality product,5.0,3,0,1,,Positive
super product,5.0,2,1,1,,Positive
Product Worth Buying,5.0,3,0,1,,Positive
Wonderful Product and Super Saver,5.0,5,0,1,,Positive
Super!  Melodious and Crisp Sound,5.0,5,0,1,,Positive
awesome for the price,5.0,4,0,1,,Positive
Just an ordinary item 🤷‍♂️,3.0,5,0,0,🤷♂,Neutral
Horrible brand.. panel gone in 18 months,1.0,7,0,1,,Negative
The worst product I have ever bought! It stopped working after a day and the customer service was terrible. 😡👎,1.0,20,0,0,😡👎,Negative
Amazing performance,5.0,2,1,1,,Positive
Really Nice Product,4.0,3,0,1,,Positive
"Flipkart, As good as always",5.0,5,0,1,,Positive
superb,4.0,1,0,1,,Positive
So so product,3.0,3,0,1,,Neutral
BAJAJ Applicance,5.0,2,1,1,,Positive
"Butterful Rapid Mixer - Just OK product, not excellent !",3.0,10,0,1,,Neutral
Very good product at reasonable price,4.0,6,0,1,,Positive
good working,4.0,2,0,1,,Positive
Must  kitchen gadget,5.0,3,0,1,,Positive
Excellent Product,5.0,2,1,1,,Positive
Top notch product with Genuine price.,5.0,6,0,1,,Positive
The Power of Livpure Pep Pro+ technology is Most innovative,5.0,10,0,1,,Positive
Best water purifier in this price range,4.0,7,0,1,,Positive
Unsatisfactory,1.0,1,0,1,,Negative
Absolute Rubbish!,1.0,2,0,1,,Negative
Express delivery in 1 day,4.0,5,0,1,,Positive
"काम ठीक से नहीं कर रहा, टाइम वेस्ट है।",1.0,9,0,0,,Negative
Bad Product with Poor quality materials,2.0,6,0,1,,Negative
कव्हरेज चांगलं नाहीये शहरात सुद्धा.,2.0,5,0,0,,Negative
Good product.,4.0,2,0,1,,Positive
Awesome Thermostat Water Bottle with longer capability,5.0,7,0,1,,Positive
चांगलं आहे पण टिकेल का माहित नाही.,3.0,7,0,0,,Neutral
Amazing product!,5.0,2,1,1,,Positive
Recommended product,5.0,2,1,1,,Positive
Wonderful,4.0,1,0,1,,Positive
Great Product worth the price tag.,5.0,6,0,1,,Positive
Must buy! If planning to buy,5.0,6,0,1,,Positive
Good worth it,5.0,3,0,1,,Positive
"मस्त प्रॉडक्ट आहे, आवडला! ❤️",5.0,5,0,0,❤,Positive
Cost effective and great quality prints,5.0,6,0,1,,Positive
30+ hrs to charge 150 AH battery,1.0,7,0,1,,Negative
Worth the money,4.0,3,0,1,,Positive
best ball,5.0,2,1,1,,Positive
So convenient,4.0,2,0,1,,Positive
It's good to have one like this !,4.0,8,0,1,,Positive
"Worst quality, waste of money 🤮👎",1.0,6,0,0,🤮👎,Negative
Good so far,1.0,3,0,1,,Negative
"लुक बहुत प्रीमियम है, क्लासी लगता है।",5.0,7,0,0,,Positive
Excellent product for Indian cooking,5.0,5,0,1,,Positive
beyond satisfactory,4.0,2,0,1,,Positive
"good oven, got it at discounted price..",5.0,7,0,1,,Positive
AwesomeNice,5.0,1,1,1,,Positive
Kitchen mate,4.0,2,0,1,,Positive
But only if you want a terrible installation experience,3.0,9,0,1,,Neutral
hoping for the best,4.0,4,0,1,,Positive
Monstrous performance @ budget,5.0,4,0,1,,Positive
Never you can miss!,5.0,4,0,1,,Positive
Really recommended and works great.,5.0,5,0,1,,Positive
IFB SX1 Nice product,5.0,4,0,1,,Positive
Did not meet expectations,1.0,4,0,1,,Negative
बॅटरी बॅकअप खूप कमी आहे.,2.0,5,0,0,,Negative
Issa vibe,5.0,2,1,1,,Positive
Fantastic.....,5.0,1,1,1,,Positive
SAMSUNG 23 L Solo Microwave Oven,4.0,6,0,1,,Positive
great buy,5.0,2,1,1,,Positive
Good performance,5.0,2,1,1,,Positive
Best buy for 500,5.0,4,0,1,,Positive
Not Expected This Product,1.0,4,0,1,,Negative
terrible product,1.0,2,0,1,,Negative
Recommended,5.0,1,1,1,,Positive
"साइज मध्ये प्रॉब्लेम आहे, खूप लहान आहे.",2.0,7,0,0,,Negative
Good alternative to Fire Tv stick,4.0,6,0,1,,Positive
Product not working,1.0,3,0,1,,Negative
Best in the class,5.0,4,0,1,,Positive
कलर एकदम सही है जैसा मुझे चाहिए था।,5.0,8,0,0,,Positive
Best in the market!  - Superb - purifier!!!!,5.0,8,0,1,,Positive
ULTIMATE COOLER AT THIS PRICE RANGE,5.0,6,0,1,,Positive
"Wife's Pride, Maid's Envy !!",5.0,5,0,1,,Positive
Bajaj FX7 600 W Food Processor,5.0,6,0,1,,Positive
good product with reasonable price.,5.0,5,0,1,,Positive
great bluetooth speakers,5.0,3,0,1,,Positive
Awesome!!,5.0,1,1,1,,Positive
a good product but switch gets stuck most of the time !!!!!!!!,4.0,12,0,1,,Positive
"पैसे वाया गेले, घेऊ नका. 👎",1.0,6,0,0,👎,Negative
One of the best buy from FLIPKART,5.0,7,0,1,,Positive
"Really Nice, value for money",4.0,5,0,1,,Positive
